,px,py
0,0.6809162789999583,2.8032062272755613
1,3.4368615171642016,3.096333899804645
2,-1.4861874866151856,2.229595159938738
3,0.8109481178683846,3.671467001778316
4,0.3561833815328178,2.2536760014475807
