Patient ID,Age,Height_cm,Weight_kg,Age_norm,Height_cm_norm,Weight_kg_norm
000345,45,167,67,0.41818181818181815,0.28125,0.18867924528301888
000124,60,181,78,0.6909090909090909,0.71875,0.39622641509433965
001758,22,158,57,0.0,0.0,0.0
000994,38,185,90,0.2909090909090909,0.84375,0.6226415094339622
001233,36,164,72,0.2545454545454545,0.1875,0.2830188679245283
001145,77,190,75,1.0,1.0,0.33962264150943394
000222,65,180,110,0.7818181818181819,0.6875,1.0
001122,51,177,81,0.5272727272727272,0.59375,0.4528301886792453
