Patient ID,Age,Height_cm,Weight_kg,Age_norm,Height_cm_norm,Weight_kg_norm
000345,45,167,67,0.41818181818181815,0.28125,0.18867924528301888
001758,22,158,57,0.0,0.0,0.0
000994,38,185,90,0.2909090909090909,0.84375,0.6226415094339622
001233,36,164,72,0.2545454545454545,0.1875,0.2830188679245283
